Date,Open,High,Low,Close,Adj Close,Volume,10 days  MA
16/01/2017,186.5,186.5,184.399994,185,164.406738,2137803,185.7100021
17/01/2017,185.600006,186,184.699997,185.899994,165.206512,1492186,185.8700012
18/01/2017,186.300003,188.399994,185.899994,187.899994,166.983917,3457682,186.4
19/01/2017,187.199997,187.399994,186.399994,187.199997,166.361832,1465627,186.5899994
20/01/2017,186,186.5,185,185.5,164.851059,2880071,186.6
23/01/2017,186,187,184.800003,185.199997,164.584457,3109796,186.5599991
24/01/2017,185.600006,186,184.300003,185.199997,164.584457,2965912,186.3299988
25/01/2017,186.5,186.5,183.600006,185.800003,165.117661,2668207,186.0799988
26/01/2017,186.5,188.199997,186.199997,187.800003,166.895065,3622066,186.1999985
27/01/2017,187,188.800003,187,188.699997,167.694839,1705363,186.4199982
01/02/2017,187,188.5,185.899994,188.5,167.51712,2539379,186.7699982
02/02/2017,187.600006,188.899994,186.600006,187.300003,166.450714,2027469,186.9099991
03/02/2017,187.300003,187.300003,185.199997,186.399994,165.650879,2553934,186.7599991
06/02/2017,186.600006,187.600006,186,187.199997,166.361832,2153551,186.7599991
07/02/2017,186.899994,187.399994,186.399994,186.699997,165.91748,2347121,186.8799988
08/02/2017,186.399994,196.399994,185.600006,195.5,173.7379,14797006,187.9099991
09/02/2017,196,199.399994,195.300003,195.5,173.7379,11040557,188.9399994
10/02/2017,196.899994,198.399994,195.699997,195.800003,174.004517,4023580,189.9399994
13/02/2017,196.899994,199.399994,196,198.699997,176.581696,6939823,191.0299988
14/02/2017,199.100006,199.199997,197.199997,197.800003,175.781906,4518026,191.9399994
15/02/2017,198.899994,202.600006,198.100006,202,179.514343,13716326,193.2899994
16/02/2017,203.199997,204,201.800003,202.399994,179.869812,7472372,194.7999985
17/02/2017,202,203,199.600006,200.199997,177.914764,5374929,196.1799988
20/02/2017,201,202,199.899994,200.800003,178.447952,3081166,197.5399994
21/02/2017,202,203,197.5,199,176.848312,7114625,198.7699997
22/02/2017,199.5,201.399994,199.100006,200,177.737,3306397,199.2199997
23/02/2017,200,201.399994,199.399994,200.399994,178.092468,3479037,199.7099991
24/02/2017,200.800003,200.800003,198,198,175.959625,3591711,199.9299988
27/02/2017,196.800003,198.699997,194.899994,195.399994,173.649033,6740430,199.5999985
28/02/2017,196.5,196.5,192.699997,192.699997,171.249573,6633834,199.0899979
01/03/2017,193.800003,194.399994,192.600006,193.5,171.960541,2735918,198.2399979
02/03/2017,196,196.800003,191.300003,192,170.627518,5286808,197.1999985
03/03/2017,191.5,191.800003,190.100006,191.399994,170.094299,3397426,196.3199982
06/03/2017,191,193.300003,191,191.699997,170.360901,2248767,195.4099976
07/03/2017,192.899994,192.899994,191.100006,192.199997,170.805237,2002752,194.7299973
08/03/2017,190.800003,192.699997,190.800003,191.800003,170.449799,1890370,193.9099976
09/03/2017,191.300003,191.399994,189.300003,190.399994,169.205643,3676706,192.9099976
10/03/2017,189.5,190.699997,188.899994,190.100006,168.939026,3358182,192.1199982
13/03/2017,191.199997,192.800003,189.800003,191.800003,170.449799,3552083,191.7599991
14/03/2017,192,193.100006,191.100006,192,170.627518,1876977,191.6899994
15/03/2017,191,197.100006,190.5,194.699997,173.026978,6382515,191.8099991
16/03/2017,196.199997,197.399994,194.800003,197.399994,175.426407,5812565,192.3499985
17/03/2017,198.199997,198.199997,195.899994,196.5,174.626587,5426562,192.8599991
20/03/2017,196.5,200.800003,196.5,200.399994,178.092468,7978380,193.7299988
21/03/2017,200.600006,200.800003,198.600006,199.699997,177.470383,3655748,194.4799988
22/03/2017,196.800003,197.5,195.699997,196.399994,174.537735,5325847,194.9399979
23/03/2017,196,197.800003,196,196.399994,174.537735,2405926,195.5399979
24/03/2017,196.699997,197.199997,195.5,196.399994,174.537735,2084358,196.1699967
27/03/2017,195.5,197.300003,194.399994,195,173.293579,3444243,196.4899964
28/03/2017,196.199997,196.800003,195.100006,195.399994,173.649033,2145042,196.8299958
29/03/2017,196.600006,196.600006,194.199997,194.600006,172.938095,2645913,196.8199967
30/03/2017,194.600006,195.699997,194.399994,194.399994,172.760361,3158549,196.5199967
31/03/2017,196,196.600006,194.899994,195.600006,173.826782,4445851,196.4299973
03/04/2017,196.300003,197.5,195.600006,196.100006,174.271118,2974162,195.9999985
05/04/2017,197,197.399994,195.699997,197.399994,175.426407,2602084,195.7699982
06/04/2017,196,197.399994,195.699997,196,174.182251,1935783,195.7299988
07/04/2017,195.699997,196.399994,193.800003,195.899994,174.093369,2499111,195.6799988
10/04/2017,196.100006,196.399994,194.5,195.5,173.7379,1803309,195.5899994
11/04/2017,195.899994,195.899994,193.399994,193.800003,172.227142,3571257,195.4699997
12/04/2017,193,195.199997,193,195.199997,173.471313,2423847,195.45
13/04/2017,193.100006,195.199997,193.100006,194.199997,172.582596,1688729,195.4099991
18/04/2017,195.300003,195.300003,191.5,191.699997,170.360901,4254961,195.1399994
19/04/2017,190.600006,191.800003,189.5,190.800003,169.561081,3852121,194.6599991
20/04/2017,190.5,192.300003,190,191.5,170.183182,2430906,194.1999985
21/04/2017,192.399994,192.5,190.5,190.800003,169.561081,2999799,193.5399994
24/04/2017,191.5,191.899994,190.100006,190.800003,169.561081,2204904,193.0199997
25/04/2017,191.5,192.699997,191.5,192,170.627518,4048652,192.6300003
26/04/2017,193,195,192.800003,193.699997,172.138275,4220614,192.45
27/04/2017,193,194.5,192.199997,194.100006,172.493759,2600186,192.4800003
28/04/2017,192.699997,192.800003,191.199997,191.600006,172.080597,1664245,192.1200012
02/05/2017,192.899994,193,190.600006,191.600006,172.080597,2830370,191.8600021
04/05/2017,191.5,191.800003,190,190.600006,171.182495,2783426,191.750003
05/05/2017,191.100006,191.199997,188.800003,189.300003,170.014938,4673356,191.600003
08/05/2017,189.600006,190.300003,188.5,189.600006,170.284378,2550536,191.4100036
09/05/2017,189.100006,194.699997,189.100006,194.399994,174.595367,6850849,191.7700027
10/05/2017,194.800003,198,194,194.199997,174.415726,9832938,192.1100021
11/05/2017,195.300003,198,194.699997,195.699997,175.762924,6382645,192.4800018
12/05/2017,196.699997,196.699997,194.800003,195.5,175.583313,2904663,192.6600021
15/05/2017,196,197.399994,195.5,197.100006,177.020294,3540573,192.9600021
16/05/2017,197.600006,197.699997,195.600006,196.699997,176.661072,3463976,193.4700012
17/05/2017,197.699997,198.5,197,197.699997,177.559174,5395682,194.0800003
18/05/2017,196,197,195.100006,195.300003,175.403671,4241545,194.55
19/05/2017,196,196.699997,195,195.699997,175.762924,2714304,195.1899994
22/05/2017,196,197.5,195.699997,196.399994,176.391617,2211516,195.8699982
23/05/2017,196,196.600006,195,195.199997,175.313858,2962559,195.9499985
24/05/2017,196,196,194.199997,194.899994,175.044434,2599006,196.0199982
25/05/2017,194.100006,196.300003,194.100006,196.300003,176.301819,4236267,196.0799988
26/05/2017,196,198.100006,196,196,176.032349,5393213,196.1299988
29/05/2017,196.100006,197.800003,196.100006,197.199997,177.110107,3416508,196.1399979
31/05/2017,197.800003,197.800003,196.199997,196.699997,176.661072,3125521,196.1399979
01/06/2017,197.199997,197.300003,195.600006,196.800003,176.750854,2369597,196.0499985
02/06/2017,197.300003,205,197,205,184.115479,19761818,197.0199982
05/06/2017,205.800003,208.399994,203.199997,203.800003,183.037735,10902598,197.8299988
06/06/2017,203.199997,206.600006,202.800003,205,184.115479,5538467,198.6899994
07/06/2017,205,205.399994,203.600006,204.199997,183.396973,3126716,199.5899994
08/06/2017,204,206.800003,203.399994,205.600006,184.654373,4424356,200.6600006
09/06/2017,206,206.399994,203.600006,205.399994,184.474731,4621760,201.5699997
12/06/2017,204.800003,204.800003,199.300003,199.699997,179.355408,6815755,201.9399994
13/06/2017,200,201.800003,199.800003,201,180.52298,3727632,202.3199997
14/06/2017,202,202.199997,199.100006,200.600006,180.163742,3124428,202.7100006
15/06/2017,199.5,200,198,198,177.828598,3466420,202.8300003
16/06/2017,198.600006,199.300003,197.600006,197.600006,177.469345,2976403,202.0900009
19/06/2017,201.399994,203.800003,200.199997,203,182.319214,7286877,202.0100006
20/06/2017,203.199997,203.800003,201,201,180.52298,3899517,201.6100006
21/06/2017,202,203.600006,198.800003,200.199997,179.804489,4457164,201.2100006
22/06/2017,199.699997,202.800003,199.699997,200.399994,179.9841,3254226,200.6899994
23/06/2017,201,201.199997,199.600006,200.600006,180.163742,2746915,200.2100006
26/06/2017,201,203,200,202.600006,181.959976,3441368,200.5000015
27/06/2017,203,203,201.199997,201.600006,181.061859,2449235,200.5600021
28/06/2017,200.399994,201.800003,199.699997,200.600006,180.163742,2996818,200.5600021
29/06/2017,201.399994,205.800003,201.399994,203.199997,182.498871,7614147,201.0800018
30/06/2017,201.600006,202.800003,200.800003,201.800003,181.241486,3726795,201.5000015
03/07/2017,201.199997,205.199997,201.199997,202.800003,182.139618,5516174,201.4800018
04/07/2017,203,203.800003,198.100006,199,178.72673,6754999,201.2800018
05/07/2017,198,200,197.800003,199.5,179.175797,3445039,201.2100021
06/07/2017,200.800003,200.800003,198.600006,199.5,179.175797,2583440,201.1200027
07/07/2017,199,199.699997,198.300003,199.399994,179.085983,2539097,201.0000015
10/07/2017,199.399994,200.600006,198.699997,199.899994,179.535034,1770249,200.7300003
11/07/2017,199.5,202.800003,199.199997,202.399994,181.780334,4712680,200.8099991
12/07/2017,203,204.600006,202.399994,202.800003,182.139618,3780016,201.0299988
13/07/2017,205,210.600006,204,208.800003,187.528366,20364634,201.5899994
14/07/2017,210,210.600006,208,209.800003,188.426468,8473636,202.3899994
17/07/2017,210.800003,214.600006,208,211.800003,190.222717,11452675,203.2899994
18/07/2017,212,213.199997,209.399994,211.399994,189.863464,4950914,204.5299988
19/07/2017,211.399994,213.600006,210.399994,212.800003,191.120865,6405798,205.8599991
20/07/2017,214.399994,221.399994,214.399994,221.399994,198.844696,20852486,208.0499985
21/07/2017,222,223.800003,218.399994,219.199997,196.868805,9127607,210.0299988
24/07/2017,218.800003,220.800003,217.199997,218.199997,195.970703,6260199,211.8599991
25/07/2017,218.399994,219.399994,217.800003,217.800003,195.611465,5236451,213.4
26/07/2017,218.399994,220,217.399994,218.800003,196.509613,5593355,215
27/07/2017,218.800003,223.800003,218.199997,223.600006,200.820572,10464203,216.4800003
28/07/2017,221.800003,222.600006,220.199997,220.600006,198.126236,8198746,217.5600006
31/07/2017,220,224.199997,219.600006,222.800003,200.102097,5920031,218.6600006
01/08/2017,223,228.600006,222,227.600006,204.413101,12635994,220.2800018
02/08/2017,228.800003,233.199997,228.399994,229.800003,206.388962,14872299,221.9800018
03/08/2017,229.399994,231.199997,226.600006,227.600006,204.413101,8748917,222.600003
04/08/2017,227.399994,228.800003,226.199997,227.600006,204.413101,5310460,223.4400039
07/08/2017,228,229.399994,226,227.600006,204.413101,5502655,224.3800048
08/08/2017,229,232,225.399994,230.600006,207.107468,9034808,225.6600051
09/08/2017,229,230,226.199997,227.800003,204.592712,7293572,226.5600051
10/08/2017,226.399994,227,215.600006,218,195.791122,20348338,226.0000045
11/08/2017,210,214,209.199997,211.199997,189.683823,20112929,225.0600036
14/08/2017,212.600006,213.600006,210.399994,212.199997,190.581955,9290851,224.000003
15/08/2017,214.199997,214.800003,211,211.199997,189.683823,6378129,222.3600021
16/08/2017,211.600006,214.399994,211.600006,213.199997,191.480087,3566859,220.7000015
17/08/2017,215,215,211.199997,211.600006,190.043091,4843891,219.1000015
18/08/2017,209.399994,210.800003,208,209.600006,188.246857,5702598,217.3000015
21/08/2017,209.199997,210.399994,208.600006,208.800003,187.528366,4318479,215.4200012
22/08/2017,207.800003,209.800003,206.399994,207.199997,188.392105,4460002,213.0800003
23/08/2017,207.199997,207.199997,207.199997,207.199997,188.392105,0,211.0199997
24/08/2017,207,209.199997,206.800003,207.600006,188.755829,3279558,209.9800003
25/08/2017,207,215.399994,206.800003,214,194.574875,10040788,210.2600006
28/08/2017,214.800003,217.600006,212.800003,214.399994,194.938538,8464931,210.4800003
29/08/2017,213.399994,214,211,211.199997,192.029007,4682174,210.4800003
30/08/2017,212.600006,214.399994,210.199997,213.399994,194.029312,4826168,210.5
31/08/2017,213.600006,216,212.199997,213.600006,194.211197,5163653,210.7
01/09/2017,214,217,213.399994,215,195.4841,5413274,211.2399994
04/09/2017,213,214.600006,211.600006,211.800003,192.5746,4828409,211.5399994
05/09/2017,213.600006,214.399994,211.600006,212,192.756409,3338952,212.0199997
06/09/2017,211.600006,212.199997,209.600006,210.800003,191.665344,4837503,212.3800003
07/09/2017,213.800003,213.800003,209,209.800003,190.756134,3966568,212.6
08/09/2017,210.199997,212.399994,210,210,190.937927,2829767,212.2
11/09/2017,212,214,212,213.399994,194.029312,4102983,212.1
12/09/2017,213.800003,214.199997,211.600006,212.800003,193.483795,3105363,212.2600006
13/09/2017,212.800003,213.199997,210.800003,211.800003,192.5746,4441264,212.1000015
14/09/2017,211,212,209.800003,210.800003,191.665344,3272132,211.8200012
15/09/2017,210.800003,211,208,209.199997,190.210571,5468672,211.2400009
18/09/2017,210.800003,219.199997,210.399994,218.199997,198.393616,13899792,211.8800003
19/09/2017,220.199997,222.399994,216.399994,216.399994,196.757019,8477315,212.3199997
20/09/2017,217,220.600006,216,219,199.121017,5942866,213.1399994
21/09/2017,218.199997,220.600006,218.199997,219.199997,199.302826,4058735,214.0799988
22/09/2017,216,218.199997,215,215.399994,195.847778,4891993,214.6199982
25/09/2017,216,216,210.800003,211.199997,192.029007,5775398,214.3999985
26/09/2017,210,212.600006,209.399994,211.399994,192.210876,3273523,214.2599976
27/09/2017,211,212.600006,211,211.800003,192.5746,2183475,214.2599976
28/09/2017,212,213,209.800003,210,190.937927,4022924,214.1799973
29/09/2017,212,212,209.800003,210,190.937927,3540302,214.2599976
03/10/2017,211.600006,216.600006,211.199997,214.399994,194.938538,6181655,213.8799973
04/10/2017,216.399994,218.800003,214.600006,215.399994,195.847778,4164422,213.7799973
06/10/2017,217,218.199997,215.800003,217.199997,197.484406,5456063,213.599997
09/10/2017,217.399994,224.199997,217.399994,220.600006,200.57579,14092909,213.7399979
10/10/2017,221,221.800003,218.399994,220.600006,200.57579,4810183,214.2599991
11/10/2017,221.800003,221.800003,216.399994,216.600006,196.938858,5945682,214.8
12/10/2017,216.600006,219.399994,216.199997,218.199997,198.393616,4220455,215.4800003
13/10/2017,218.199997,221.800003,218.199997,219.600006,199.666565,5133048,216.2600006
16/10/2017,225,230.199997,224,225.600006,205.121933,26428633,217.8200012
17/10/2017,225,225.199997,221.800003,222,201.848694,8056048,219.0200012
18/10/2017,222.800003,224,222.199997,222.800003,202.57608,3364199,219.8600021
19/10/2017,223.600006,224,216,217.600006,197.848099,10385871,220.0800033
20/10/2017,219.199997,220.800003,218.600006,220.199997,200.212097,4131886,220.3800033
23/10/2017,221.399994,221.399994,218.399994,219.600006,199.666565,4368690,220.2800033
24/10/2017,219.800003,224.199997,218.800003,220.399994,200.393906,4928214,220.2600021
25/10/2017,221.800003,222,219.199997,220,200.030228,3070019,220.6000015
26/10/2017,218.600006,220.600006,217.399994,218.199997,198.393616,4124656,220.6000015
27/10/2017,218.199997,220.199997,218.199997,219.199997,199.302826,2791453,220.5600006
30/10/2017,220,220.600006,217,217,197.302567,4151413,219.7
31/10/2017,216.600006,218,216.399994,217.199997,197.484406,3302284,219.2199997
01/11/2017,218,221.800003,217.800003,221.199997,201.121307,5918204,219.0599991
02/11/2017,222.399994,226.600006,221.600006,223.800003,203.485306,12435549,219.6799988
03/11/2017,225,225,223.399994,224.199997,203.848999,4101081,220.0799988
06/11/2017,223.600006,224,218.399994,224,203.66716,6231597,220.5199982
07/11/2017,223.800003,229.800003,223.199997,228.399994,207.667755,11964133,221.3199982
08/11/2017,227,235,225.199997,227,206.394852,20657152,222.0199982
09/11/2017,229.399994,231.199997,228,230.399994,209.486206,7774930,223.2399979
10/11/2017,229,230.800003,227.800003,229.600006,208.758835,4862064,224.2799988
13/11/2017,228.800003,235.600006,228.800003,235.399994,214.032364,10310279,226.1199982
14/11/2017,235.399994,238.800003,233.600006,235.600006,214.214203,10234219,227.9599991
15/11/2017,234,235.600006,230,230.399994,209.486206,8403128,228.8799988
16/11/2017,231.800003,233.399994,230,233.199997,212.032059,5351355,229.8199982
17/11/2017,234.399994,237,232.199997,233.800003,212.577606,6807787,230.7799988
20/11/2017,233,234.199997,230.199997,232,210.940979,4789032,231.5799988
21/11/2017,232.600006,245,232,244.800003,222.579117,28249975,233.2199997
22/11/2017,249.600006,255,245.399994,254.199997,231.125854,29495133,235.9399994
23/11/2017,254,257.600006,245.199997,248,225.488632,16333165,237.7
24/11/2017,248,251.800003,245.399994,247,224.579391,9312794,239.4399994
27/11/2017,245.399994,246.199997,240.800003,240.800003,218.9422,8476147,239.9800003
28/11/2017,239,242,234.600006,240.800003,218.9422,12777803,240.5
29/11/2017,242.800003,245,240,240,218.214813,6930926,241.4600006
30/11/2017,238.600006,240,234.800003,235.199997,213.850494,8554488,241.6600006
01/12/2017,237.800003,239.800003,235.600006,235.600006,214.214203,7740160,241.8400009
04/12/2017,235.600006,240.600006,233.600006,235,213.668671,6700903,242.1400009
05/12/2017,233,236.800003,228.800003,228.800003,208.031464,8864835,240.5400009
06/12/2017,230,231.600006,220,220,200.030228,20060811,237.1200012
07/12/2017,222.600006,224,218.600006,223.399994,203.121613,9213222,234.6600006
08/12/2017,223.600006,228.399994,223.199997,227.399994,206.758514,9190464,232.7
11/12/2017,228.399994,231.399994,226.600006,231.399994,210.395447,7023633,231.7599991
12/12/2017,229.399994,232,226.800003,228.199997,207.485916,6139525,230.4999985
13/12/2017,229,230,226.600006,229.399994,208.576996,5123378,229.4399979
14/12/2017,230,230.600006,227.600006,229,208.213287,4525675,228.8199982
15/12/2017,226,227.199997,224.399994,226.399994,205.849319,6029698,227.899997
18/12/2017,228.399994,237,227.399994,236,214.577881,15773184,227.999997
19/12/2017,238,238.199997,233.199997,233.199997,212.032059,6358460,228.4399964
20/12/2017,233.199997,234.800003,232.199997,232.600006,211.486526,3271080,229.699997
21/12/2017,232,237,231.600006,235.800003,214.396057,4919831,230.9399979
22/12/2017,236.800003,237,235.600006,236,214.577881,2610519,231.7999985
27/12/2017,237.199997,238.600006,235.399994,236.600006,215.123459,3762430,232.3199997
28/12/2017,237.800003,240,236.600006,240,218.214813,4753410,233.5
29/12/2017,240,242.600006,238.600006,239.800003,218.03299,6093304,234.5400009
02/01/2018,242,250.199997,241.800003,250.199997,227.488953,14581940,236.6600006
03/01/2018,251.199997,253.199997,248.199997,249.199997,226.579712,9056401,238.9400009
04/01/2018,251,254.800003,249,254.600006,231.489563,9634560,240.8000015
05/01/2018,254.600006,255,250.600006,253.199997,230.216614,6869879,242.8000015
08/01/2018,255,262,252.600006,262,238.217834,12682949,245.7400009
09/01/2018,260,270,259.799988,269,244.582428,16997073,249.0600006
10/01/2018,268.399994,275,268,271.799988,247.128235,14666939,252.6399994
11/01/2018,271.799988,272.600006,265.600006,268.399994,244.03685,10142463,255.8199982
12/01/2018,271.600006,274.799988,268.200012,274.799988,249.855957,10766870,259.299997
15/01/2018,280,280,271.200012,272.399994,247.673798,14078612,262.5599961
16/01/2018,272.600006,288.399994,272.600006,288.399994,262.221466,21911252,266.3799958
17/01/2018,285,295.600006,284.200012,295.600006,268.767914,23113632,271.0199967
18/01/2018,296.799988,301,292.600006,297.600006,270.586334,23241009,275.3199967
19/01/2018,297,298.399994,293,294.799988,268.040527,12108548,279.4799958
22/01/2018,295,302.799988,291.799988,301,273.677704,15669544,283.3799958
23/01/2018,303,306,301.799988,303.399994,275.859894,14476834,286.8199952
24/01/2018,302.799988,304.600006,298.200012,301.399994,274.041443,13079378,289.7799958
25/01/2018,300,301,293,293,266.403931,13067563,292.2399964
26/01/2018,295.200012,300,295.200012,297.399994,270.404541,13636703,294.499997
29/01/2018,299.799988,301.799988,291.600006,292.200012,265.676483,12367229,296.4799988
30/01/2018,291.200012,294.799988,287,288,261.857758,15878685,296.4399994
31/01/2018,285,296.399994,284.399994,296.399994,269.49527,15904686,296.5199982
01/02/2018,296,296.600006,290.200012,290.799988,264.403625,8751050,295.8399964
02/02/2018,288,292,286,289,262.766968,8191863,295.2599976
05/02/2018,278,287.799988,278,286.200012,260.221161,16002487,293.7799988
06/02/2018,276.200012,280,266.600006,266.799988,242.582108,35449216,290.1199982
07/02/2018,276,279.799988,267.399994,267.799988,243.491348,22478974,286.7599976
08/02/2018,267,275,267,271,246.400909,12149785,284.5599976
09/02/2018,260.200012,261.600006,255.199997,258.200012,234.762772,27291859,280.6399994
12/02/2018,260.799988,263,257,258,234.580902,10611228,277.2199982
13/02/2018,263,267.799988,262,266,241.854736,12325390,275.0199982
14/02/2018,267.200012,272.799988,266,272.799988,248.037491,9479635,272.6599976
15/02/2018,276.600006,280,275.799988,280,254.583939,8903961,271.5799988
20/02/2018,278,281.799988,274.200012,277.799988,252.583649,9463176,270.4599976
21/02/2018,277.600006,283.200012,276.600006,283.200012,257.493469,7057229,270.1599976
22/02/2018,280.200012,283.399994,278.200012,280,254.583939,7348437,271.4799988
23/02/2018,283,285.799988,282,285.799988,259.857452,7169074,273.2799988
26/02/2018,290,295.799988,288.200012,295.799988,268.949768,14127138,275.7599976
27/02/2018,296.799988,297.200012,288.799988,289.799988,263.494385,13331855,278.9199952
28/02/2018,287,289.600006,282.200012,284,258.220856,10563349,281.5199952
01/03/2018,281.399994,291.600006,279.600006,291.600006,265.131012,11931731,284.0799958
02/03/2018,285.799988,288.600006,285,285.799988,259.857452,7508021,285.3799958
05/03/2018,285,288.200012,277.200012,277.200012,252.038147,10916574,285.099997
06/03/2018,282.399994,284.600006,279,283,257.311646,7498437,285.6199982
07/03/2018,279.600006,284,277.600006,278,252.765472,7955406,285.099997
08/03/2018,281.399994,284,280.200012,283,257.311646,7234540,285.399997
09/03/2018,285,286.399994,283.200012,284.200012,258.40271,4783908,285.2399994
12/03/2018,288.399994,292.200012,287,292.200012,265.676483,10303133,284.8800018
13/03/2018,291.399994,292.399994,288.200012,291,264.585449,5379331,285.000003
14/03/2018,288,289.600006,286,289,262.766968,4180331,285.500003
15/03/2018,286,290,286,289.600006,263.312531,4137276,285.300003
16/03/2018,286,288.799988,281.799988,282,256.402405,12388994,284.9200042
19/03/2018,281,281.799988,277,277,251.856201,10276314,284.900003
20/03/2018,274.799988,276,271,274,249.128586,10992593,284.000003
21/03/2018,275.799988,278,269.200012,269.200012,244.764267,12437388,283.1200042
22/03/2018,270,271,261.399994,264,240.036285,13534962,281.2200042
23/03/2018,255,259,253.600006,256.799988,233.489838,17604382,278.4800018
26/03/2018,255,260.799988,255,260.200012,236.581223,10601261,275.2800018
27/03/2018,264.799988,265.799988,262.200012,263.399994,239.490753,9185432,272.5200012
28/03/2018,260,260.799988,255,255.199997,232.035065,9095751,269.1400009
29/03/2018,255.600006,257.399994,251.800003,255.199997,232.035065,7101895,265.7
03/04/2018,253,254.399994,250,252.800003,229.852936,7511452,262.7800003
04/04/2018,253.600006,257.799988,249,249,226.397858,6801059,259.9800003
06/04/2018,251.600006,253.800003,248,250.600006,227.852631,5705905,257.6400009
09/04/2018,251.399994,257.799988,250.399994,255.399994,232.216949,8878147,256.2599991
10/04/2018,254,262,254,260.799988,237.126755,8364158,255.9399979
11/04/2018,260.200012,270.399994,259.200012,264.600006,240.581833,14767252,256.7199997
12/04/2018,267.799988,268.399994,263,265.399994,241.309219,5872297,257.2399979
13/04/2018,267.600006,268.200012,263,264.200012,240.218124,3911527,257.3199997
16/04/2018,264,264.200012,257,258.799988,235.308304,4765153,257.6799988
17/04/2018,258.799988,260.600006,255,255.399994,232.216949,4425555,257.6999985
18/04/2018,258.799988,260,253.800003,255.800003,232.580612,4512418,257.9999985
19/04/2018,257.600006,261.600006,257.200012,260.399994,236.763046,4754777,259.1399979
20/04/2018,259.399994,264.799988,259,260.200012,236.581223,4821027,260.0999985
23/04/2018,260.399994,263,258,258.799988,235.308304,4415320,260.4399979
24/04/2018,258.799988,262.399994,258.600006,262,238.217834,4567776,260.5599991
25/04/2018,261.200012,262,258,259,235.490128,4668828,259.9999985
26/04/2018,258.399994,259.799988,252.199997,254,230.944,6828794,258.8599991
27/04/2018,254.600006,254.600006,251,252.399994,232.093445,3761029,257.6799973
30/04/2018,254.399994,258.600006,254,257.200012,236.507263,5818673,257.5199997
02/05/2018,258.799988,261.600006,257.399994,259.200012,238.346375,4873772,257.9000015
03/05/2018,259.600006,259.600006,253.399994,257.200012,236.507263,3706279,258.0400024
04/05/2018,257,258.200012,252.399994,254.399994,233.932526,6078197,257.4400024
07/05/2018,255,255.600006,250.199997,252,231.725616,4558702,256.6200012
08/05/2018,253.600006,257.200012,253.199997,256.200012,235.587723,3924062,256.3600036
09/05/2018,256.200012,260.399994,254.600006,257,236.323334,5337220,255.8600036
10/05/2018,260,260,257.200012,258.200012,237.426819,3518522,255.7800048
11/05/2018,260,265.200012,258.799988,262,240.921066,8714188,256.5800048
14/05/2018,265,267.399994,264.200012,265.600006,244.231445,6858179,257.900006
15/05/2018,266.600006,266.600006,260.600006,261.200012,240.185471,4938098,258.300006
16/05/2018,260,261,257.799988,260.200012,239.265915,3769587,258.400006
17/05/2018,262.799988,262.799988,258,259,238.162445,3713418,258.5800048
18/05/2018,260,261.600006,258.399994,259.399994,238.530243,2960855,259.0800048
21/05/2018,261.799988,266.799988,261.799988,262.399994,241.288895,5969377,260.1200042
23/05/2018,261,262.600006,259.399994,259.399994,238.530243,5463245,260.4400024
24/05/2018,260,261,258,260.399994,239.449783,4260724,260.7800018
25/05/2018,260.200012,260.799988,258.600006,260,239.082001,3777819,260.9600006
28/05/2018,261.600006,261.799988,258.799988,260.200012,239.265915,2799061,260.7800018
29/05/2018,259,260.600006,257,257.600006,236.875076,4033673,259.9800018
30/05/2018,254.600006,255,250.399994,252.399994,232.093445,8836679,259.1
31/05/2018,254,255.199997,252,253.800003,233.380798,4599390,258.4599991
01/06/2018,256,257.600006,253.399994,253.800003,233.380798,4190966,257.9399994
04/06/2018,255.600006,258.399994,255,257.799988,237.05896,4322159,257.7799988
05/06/2018,256.399994,259,254.800003,258,237.242889,4835935,257.3399994
06/06/2018,258,260.399994,257.399994,258.600006,237.794601,3560059,257.2600006
07/06/2018,261.200012,265.399994,260.799988,263.399994,242.208435,9786650,257.5600006
08/06/2018,261.399994,262.799988,259.200012,260,239.082001,4529256,257.5600006
11/06/2018,259.799988,262.799988,259.200012,261.200012,240.185471,2749068,257.6600006
12/06/2018,260,262.600006,259.200012,260.600006,239.633713,2511219,257.9600006
13/06/2018,260.799988,260.799988,257.399994,257.600006,236.875076,4327445,258.4800018
14/06/2018,256,258.200012,254,255.600006,235.03598,5289458,258.6600021
15/06/2018,255,256.399994,254.600006,255.399994,234.852051,4495212,258.8200012
19/06/2018,252,252.600006,247.199997,247.800003,227.863525,14581497,257.8200027
20/06/2018,248,251.399994,245,248.199997,228.231323,5785575,256.8400024
21/06/2018,248.199997,250.199997,242.199997,244,224.369263,8418594,255.3800018
22/06/2018,241,242.600006,240,242.199997,222.714066,7800273,253.2600021
25/06/2018,242,244.199997,237.600006,239.199997,219.955429,7806101,251.1800018
26/06/2018,237.600006,238,232.600006,236.800003,217.74852,9460374,248.7400009
27/06/2018,237.199997,237.800003,230,230.399994,211.863403,10667129,245.7199997
28/06/2018,230.399994,234.399994,228,232.399994,213.702499,9493211,243.1999985
29/06/2018,232,237,232,236,217.012878,6443177,241.2399979
03/07/2018,231.800003,234.399994,228.399994,233.199997,214.438156,7281331,239.0199982
04/07/2018,233.199997,234,227.600006,229.600006,211.127777,5944471,237.1999985
05/07/2018,230.199997,231,225.199997,227.399994,209.104767,6536464,235.1199982
06/07/2018,228.399994,230.600006,225.399994,228.800003,210.392151,6235965,233.5999985
09/07/2018,232.600006,234.600006,230.600006,233,214.254227,5721784,232.6799988
10/07/2018,234,237.600006,234,234,215.173782,5017550,232.1599991
11/07/2018,229.399994,233,229.399994,231.800003,213.150757,4072204,231.6599991
12/07/2018,231.600006,235,231.399994,233.399994,214.622025,3571513,231.9599991
13/07/2018,236.600006,236.800003,233.800003,234.199997,215.357697,3506651,232.1399994
16/07/2018,236,236,231.600006,233.800003,214.989868,1973291,231.9199997
17/07/2018,231,235.399994,230.800003,232,213.334686,3975458,231.8
18/07/2018,235,235.399994,231.600006,233.399994,214.622025,4746059,232.1799988
19/07/2018,233,234.800003,232.199997,232.399994,213.702499,2146768,232.6799988
20/07/2018,230.800003,235.399994,228.399994,234.199997,215.357697,5290323,233.2199982
23/07/2018,234.600006,235.399994,231.800003,234,215.173782,2577466,233.3199982
24/07/2018,232.600006,238,232.600006,237.199997,218.116333,5767927,233.6399979
25/07/2018,238.800003,240,237.600006,239,219.771515,4368799,234.3599976
26/07/2018,240,240,234.600006,237.399994,218.300247,3198554,234.7599976
27/07/2018,238.399994,238.399994,235,236.800003,217.74852,1973567,235.0199982
30/07/2018,235.600006,237.600006,233.199997,235.199997,216.277237,3248728,235.1599976
31/07/2018,238,238,231,231.600006,212.966888,4163626,235.1199982
01/08/2018,231.800003,234,228.600006,229.199997,210.759949,4101549,234.6999985
02/08/2018,228,229.199997,223,224.199997,206.162231,6510709,233.8799988
03/08/2018,224.399994,225.199997,222.600006,224,205.978317,4057089,232.8599991
06/08/2018,224,227.199997,222.600006,224,205.978317,3265071,231.8599991
07/08/2018,225.199997,226.800003,223.199997,226.800003,208.553055,2993739,230.8199997
08/08/2018,227,232.800003,226,229,210.57605,5849061,229.8199997
09/08/2018,228,233.800003,227.399994,232.199997,213.5186,4367938,229.3
10/08/2018,233.600006,233.600006,229,230.199997,211.679504,2977230,228.6399994
13/08/2018,227.600006,228.800003,226.600006,227.600006,209.288712,2988025,227.8800003
14/08/2018,227,227.399994,223.399994,224.199997,206.162231,4450471,227.1399994
15/08/2018,224.800003,225,220,220.399994,202.667953,4787903,226.2599991
16/08/2018,217.800003,223,217.399994,218.800003,201.196701,5745034,225.7199997
17/08/2018,221,222,218.199997,220,202.30014,4338080,225.3199997
20/08/2018,221,224.800003,220.399994,224.399994,206.34613,5305766,225.3599991
21/08/2018,221,223.800003,220.199997,221.399994,206.944351,5405961,224.8199982
22/08/2018,220.399994,224.600006,219,223.800003,209.187683,4766873,224.2999985
23/08/2018,224,225,221.399994,222.399994,207.879059,2849350,223.3199982
24/08/2018,220.199997,222.800003,220,221.399994,206.944351,2484256,222.4399979
27/08/2018,223.800003,227.600006,223,226,211.244019,4861229,222.2799973
28/08/2018,230,232.800003,228.399994,230.199997,215.169785,9375339,222.8799973
29/08/2018,230,231.600006,227.800003,229.800003,214.795898,4525150,223.8199982
30/08/2018,231.800003,231.800003,227.399994,228.199997,213.300369,2830609,224.7599976
31/08/2018,225.800003,225.800003,223.199997,223.399994,208.813766,5150120,225.099997
03/09/2018,222.600006,224.800003,220.800003,222,207.505173,4007340,224.8599976
04/09/2018,221.600006,224.800003,220.600006,224.600006,209.93544,2798190,225.1799988
05/09/2018,223.600006,224.800003,218.800003,219.800003,205.448822,4189898,224.7799988
06/09/2018,219,221,215.600006,217.399994,203.205521,4054288,224.2799988
07/09/2018,216.800003,219,213.199997,216.800003,202.644699,4211542,223.8199997
10/09/2018,216.800003,217,212,214.399994,200.401382,4666347,222.6599991
11/09/2018,214.399994,215.399994,211,211.199997,197.410339,4476545,220.7599991
12/09/2018,211,211.399994,207.399994,209.600006,195.91481,4973226,218.7399994
13/09/2018,213,218,212.800003,218,203.766357,6712518,217.7199997
14/09/2018,220,221.600006,218,221,206.570465,5740435,217.4800003
17/09/2018,217.399994,219.199997,215.800003,217.800003,203.579437,3770928,217.0600006
18/09/2018,217.199997,221.399994,215.399994,220.399994,206.009644,4065959,216.6399994
19/09/2018,220.399994,226,219.399994,224.399994,209.748474,6523329,217.0999985
20/09/2018,226.800003,226.800003,223.600006,225,210.309296,4618558,217.8599991
21/09/2018,226.800003,229.800003,223,229,214.048141,7795846,219.0799988
24/09/2018,228.199997,228.800003,223.600006,224,209.374588,3289511,220.0399994
26/09/2018,223.800003,229.199997,223.800003,227,212.178711,6016068,221.6199997
27/09/2018,228,228.399994,224.199997,226.199997,211.430954,4032300,223.2799988
28/09/2018,227.600006,227.800003,223.399994,224,209.374588,4428713,223.8799988
02/10/2018,226.800003,226.800003,218.199997,218.600006,204.327179,4886938,223.6399994
03/10/2018,218.199997,219.399994,216.199997,217.399994,203.205521,3880773,223.5999985
04/10/2018,216,217.199997,214.399994,214.399994,200.401382,3456331,222.9999985
05/10/2018,212.199997,214.600006,211,213.800003,199.840576,3868274,221.9399994
08/10/2018,214.800003,215.800003,210,210.600006,196.849533,4249380,220.5
09/10/2018,211,212.600006,208.600006,210.600006,196.849533,4296880,218.6600006
10/10/2018,210.600006,211.800003,208.800003,208.800003,195.167038,3238930,217.1400009
11/10/2018,200.600006,206.800003,195.600006,196.699997,183.857071,14313440,214.1100006
12/10/2018,198,202.399994,197.5,201,187.876312,6167062,211.5900009
15/10/2018,200.600006,201.600006,198,199.399994,186.380783,4310053,209.1300003
16/10/2018,201,202,198,199.800003,186.754654,3054423,207.25
18/10/2018,208.199997,208.199997,201.399994,202.800003,189.558807,7437505,205.7900009
19/10/2018,200.800003,210.600006,200.199997,209,195.353973,9764832,205.2500015
22/10/2018,209,217.800003,209,216,201.896927,9098932,205.4700012
23/10/2018,218,218,209,209.600006,195.91481,8038331,205.3700012
24/10/2018,213,215.800003,210.399994,211,197.223404,5208755,205.4100006
25/10/2018,207,211.399994,205.800003,210.600006,196.849533,5159519,205.5900009
26/10/2018,211.800003,213,207,208.800003,195.167038,3941704,206.8000015
29/10/2018,212.199997,212.199997,204.600006,205.399994,191.989029,6116019,207.2400009
30/10/2018,203.800003,209,203.199997,204.600006,191.241272,3221387,207.7600021
31/10/2018,205.800003,208.399994,205,208,194.419281,3510957,208.5800018
01/11/2018,213,214.399994,209,213.600006,199.653656,5547425,209.6600021
02/11/2018,221.199997,228,220.600006,227.199997,212.365677,16687938,211.4800018
05/11/2018,224.800003,224.800003,220,221,206.570465,4170461,211.9800018
06/11/2018,222.800003,222.800003,218.800003,221.800003,207.318253,2878255,213.2000015
07/11/2018,221.800003,230.399994,220,224.399994,209.748474,6696239,214.5400009
08/11/2018,227,229.399994,225.399994,227,212.178711,5794673,216.1800003
09/11/2018,227,227,220.199997,221.399994,206.944351,3368767,217.4399994
12/11/2018,222.199997,223.800003,221,222.800003,208.252945,2024085,219.1800003
13/11/2018,217.600006,224.800003,216.199997,224.800003,210.122375,3893338,221.2
14/11/2018,227,227,223.600006,225.600006,210.870132,2336716,222.9600006
15/11/2018,226.600006,229.800003,224,229,214.048141,4623745,224.5
16/11/2018,229,230,226,228.399994,213.48732,2801169,224.6199997
19/11/2018,228,230.600006,227.399994,228,213.113419,3269400,225.3199997
20/11/2018,227,228,224,224.199997,209.561539,3136237,225.5599991
21/11/2018,224.199997,225.399994,222,225,210.309296,2609684,225.6199997
22/11/2018,226,228.600006,223,226.399994,211.617905,3124021,225.5599991
23/11/2018,226.800003,227.399994,224.600006,226,211.244019,1853028,226.0199997
26/11/2018,228.600006,230.600006,226.800003,229.399994,214.422028,3458806,226.6799988
27/11/2018,229.600006,230,226.800003,228.199997,213.300369,2517837,227.0199982
28/11/2018,229.199997,230.600006,227.800003,230.399994,215.35672,3239279,227.499997
29/11/2018,231.800003,232,227.800003,228.199997,213.300369,3077753,227.4199967
30/11/2018,228.800003,229.399994,227.600006,228,213.113419,3034537,227.3799973
03/12/2018,233,235.800003,231.600006,235,219.656387,8370860,228.0799973
04/12/2018,234,239.800003,233.800003,239.800003,224.14299,6523305,229.6399979
05/12/2018,235,237,233.800003,235.800003,220.40416,3800223,230.7199982
06/12/2018,233.199997,234,228.399994,231,215.917542,5613686,231.1799988
07/12/2018,235,235,229,229,214.048141,3585495,231.4799988
10/12/2018,227.199997,227.600006,223.199997,225.399994,210.683167,3512641,231.0799988
11/12/2018,226,228.399994,225,227,212.178711,1983323,230.9599991
12/12/2018,228.800003,230.800003,226.199997,230,214.982849,3213661,230.9199997
13/12/2018,231.399994,234.600006,230.800003,234.199997,218.90863,3900959,231.5199997
14/12/2018,231.600006,232.800003,231,232.199997,217.0392,2513495,231.9399994
17/12/2018,233,233.199997,230.399994,231.199997,216.104477,2638882,231.5599991
18/12/2018,231,232.600006,228.600006,229.600006,214.608963,3166073,230.5399994
19/12/2018,231.399994,231.399994,230,231.399994,216.291428,2092546,230.0999985
20/12/2018,231.199997,232,226.399994,227.600006,212.739563,3106009,229.7599991
21/12/2018,227,229,224.199997,228.199997,213.300369,4268967,229.6799988
24/12/2018,226.199997,227.600006,225,227.600006,212.739563,972560,229.9
27/12/2018,228,231.199997,224.600006,225.199997,210.496231,2560428,229.7199997
28/12/2018,225.199997,227,223.800003,225.199997,210.496231,2254031,229.2399994
31/12/2018,227,229,226,226.600006,211.804855,1728360,228.4800003
02/01/2019,228.600006,228.600006,221.199997,222,207.505173,3769442,227.4600006
03/01/2019,223,223.800003,218.800003,221.199997,206.757416,3193250,226.4600006
04/01/2019,221,227,220,227,212.178711,3875208,226.2
07/01/2019,230,232,228.800003,231,215.917542,3896748,226.1600006
08/01/2019,231.399994,231.600006,228.399994,229.199997,214.235062,1947544,226.3199997
09/01/2019,232.199997,237,229.800003,235.800003,220.40416,6392848,227.0800003
10/01/2019,232.600006,236,231.399994,234,218.72168,3132511,227.7199997
11/01/2019,235.199997,235.600006,233.600006,235,219.656387,2304079,228.7
14/01/2019,235,235.600006,231,233.199997,217.973923,1736782,229.5
15/01/2019,234.199997,237,233,237,221.525803,3615384,230.5399994
16/01/2019,234.600006,238.600006,234.600006,238.600006,223.021347,3005275,232.2
17/01/2019,239,240.600006,237.199997,238.199997,222.647446,3923574,233.9
18/01/2019,239.600006,240.399994,238.199997,239.399994,223.769089,4191019,235.1399994
21/01/2019,242,245.399994,240.800003,243,227.134064,6480424,236.3399994
22/01/2019,242.199997,243.800003,239.600006,241,225.264633,3253243,237.5199997
23/01/2019,241,242.800003,239.199997,240.199997,224.516861,2139092,237.9599991
24/01/2019,242,242,239.399994,240.199997,224.516861,1571518,238.5799988
25/01/2019,241.600006,243.600006,241,242.800003,226.947113,3070120,239.3599991
28/01/2019,243.600006,245,242,244,228.068771,3502077,240.4399994
29/01/2019,243.600006,243.800003,240.199997,242,226.199341,2930018,240.9399994
30/01/2019,243.800003,243.800003,239.800003,241.199997,225.451553,3164923,241.1999985
31/01/2019,244,244.600006,242.600006,244,228.068771,3549117,241.7799988
01/02/2019,245.600006,246,242,243.600006,227.694885,2931515,242.2
04/02/2019,245.199997,245.199997,241.199997,243.800003,227.881805,1656368,242.2800003
08/02/2019,243.800003,243.800003,240.199997,240.800003,225.077682,2925165,242.2600006
11/02/2019,240.800003,242.199997,238.399994,241.800003,226.01239,2820420,242.4200012
12/02/2019,245.199997,253,244,252,235.546432,14083664,243.6000015
13/02/2019,256,260.399994,254,258.799988,241.902451,12189940,245.2
14/02/2019,258.200012,259,256,257.799988,240.967712,4564838,246.5799988
15/02/2019,256.399994,257,250.399994,251,234.611725,5994014,247.4799988
18/02/2019,255,255.600006,252,253,236.481125,4173119,248.6599991
19/02/2019,255,261.399994,253,257.399994,240.593811,7451538,249.9999985
20/02/2019,258.399994,260.200012,257.200012,260,243.024109,5470103,251.6399979
21/02/2019,260.399994,266,258.600006,264,246.762909,8224236,253.6599976
22/02/2019,264.600006,266.799988,262.600006,266.799988,249.380096,5309204,256.2599961
25/02/2019,269.399994,275,268.200012,273.799988,255.923035,11793378,259.4599946
26/02/2019,276,276.799988,269.600006,270,252.371185,9302240,261.2599946
27/02/2019,273,277.600006,267.200012,268,250.501785,12288419,262.1799958
28/02/2019,266.200012,274.600006,266,270.600006,252.932007,7309971,263.4599976
01/03/2019,273.799988,275.399994,270.600006,275.399994,257.41861,6925893,265.899997
04/03/2019,275.600006,281,275.200012,279.200012,260.97049,9818688,268.5199982
05/03/2019,278.399994,280.600006,275.399994,277.600006,259.474976,5117149,270.5399994
06/03/2019,276.399994,279.399994,276,278.600006,260.409637,3972790,272.4
07/03/2019,275.799988,277.399994,270.200012,271.600006,253.866714,5616006,273.1600006
08/03/2019,269,269.799988,264.399994,266.600006,249.193176,6030242,273.1400024
11/03/2019,267.799988,272.200012,267.399994,272.200012,254.427567,5018939,272.9800048
12/03/2019,273,278.200012,272.200012,277.399994,262.245758,7856320,273.7200042
13/03/2019,277.399994,277.799988,273.799988,275.399994,260.35498,4898352,274.4600036
14/03/2019,277,277.600006,272,272.399994,257.51886,3801515,274.6400024
15/03/2019,272.200012,277.399994,272,274.799988,259.78775,4627171,274.5800018
18/03/2019,277.399994,281.799988,276.200012,280.600006,265.270905,6892674,274.7200012
19/03/2019,281,281,275.399994,278.399994,263.191132,4220149,274.8
20/03/2019,276.200012,278,273.399994,274,259.031494,4526182,274.3399994
21/03/2019,275.799988,276,271.399994,272,257.140747,4597321,274.3799988
22/03/2019,275.200012,275.399994,270.600006,272.799988,257.897003,3678448,274.999997
25/03/2019,266,269.200012,264.600006,265.399994,250.901306,7259875,274.3199952
26/03/2019,266.600006,268.399994,264.200012,265.799988,251.279465,4033667,273.1599946
27/03/2019,265.799988,269.200012,265.799988,268.200012,253.548309,3657578,272.4399964
28/03/2019,267.399994,268.600006,263.200012,267.399994,252.792023,3917147,271.9399964
29/03/2019,269,274,268.200012,273.600006,258.65332,5012767,271.8199982
01/04/2019,275.399994,278,275.399994,277.600006,262.434814,5464137,271.5199982
02/04/2019,279.200012,280.799988,277.600006,278.600006,263.380188,5712247,271.5399994
03/04/2019,280,281,278.600006,280.799988,265.459991,6455536,272.2199982
04/04/2019,280.600006,280.600006,277,280,264.703705,3775903,273.0199982
08/04/2019,281,286.200012,280.600006,285.399994,269.808685,9742701,274.2799988
09/04/2019,284.200012,285.799988,281.600006,282.399994,266.972595,6048539,275.9799988
10/04/2019,280,281.399994,277.600006,281,265.649078,3513667,277.5
11/04/2019,282,282.600006,276.799988,277,261.867584,4360055,278.3799988
12/04/2019,277,278,274,276.600006,261.489441,3702156,279.3
15/04/2019,278.600006,282,274,274.399994,259.409607,4516909,279.3799988
16/04/2019,276.200012,279,274,278,262.812958,2819680,279.4199982
17/04/2019,279,279,275.200012,278,262.812958,2441744,279.3599976
18/04/2019,278,278,276,277.200012,262.056671,2404346,279
23/04/2019,275.200012,279.399994,273.200012,277,261.867584,2924776,278.7
24/04/2019,277.200012,278.600006,273,273.399994,258.464264,4319162,277.5
25/04/2019,273,274.600006,270.399994,270.399994,255.628113,3151898,276.3
26/04/2019,270.399994,273,270.399994,272.799988,257.897003,2767078,275.4799988
29/04/2019,273.799988,274.600006,271.799988,273.799988,258.842377,2269043,275.1599976
30/04/2019,273.799988,273.799988,270,272,257.140747,2682273,274.699997
02/05/2019,270,278.799988,270,276.799988,261.678467,5042004,274.9399964
03/05/2019,277.399994,279.799988,274,278.200012,263.002045,2822914,274.9599976
06/05/2019,267.200012,269.200012,265,266,251.468491,10175617,273.7599976
07/05/2019,268,268,262.399994,265.200012,250.712234,4986155,272.5599976
08/05/2019,261,266.200012,260.399994,261,246.741653,5314692,270.9599976
09/05/2019,258.799988,259.600006,247.399994,248,234.451843,15028277,268.4199982
10/05/2019,251,255,246,252,238.233322,8571879,266.5799988
14/05/2019,245,250,244.600006,247.199997,233.695541,7973803,264.0199997
15/05/2019,248,251.600006,248,248,234.451843,3573988,261.4400009
16/05/2019,247.399994,249.399994,245.800003,247.600006,234.073685,2492994,259.0000015
17/05/2019,249.600006,249.600006,243.199997,244.600006,231.237595,5062871,255.7800033
20/05/2019,243,244.800003,239,242.199997,228.968704,6929731,252.1800018
21/05/2019,242,247.800003,242,244.600006,231.237595,3884374,250.0400024
22/05/2019,247.600006,250.600006,245.800003,249.600006,235.964447,5474427,248.4800018
23/05/2019,246,247.800003,245.399994,246.399994,232.93927,3954349,247.0200012
24/05/2019,248.800003,249.399994,246,248,234.451843,4139230,247.0200012
27/05/2019,248,251.399994,246,249.199997,235.586273,3333694,246.7400009
28/05/2019,252.600006,258,252.399994,254.600006,240.691284,8357125,247.4800018
29/05/2019,257,257.799988,253.600006,255.399994,241.447571,5094020,248.2200012
30/05/2019,256,256.200012,250.800003,251.600006,237.855179,5822690,248.6200012
31/05/2019,250,253,247.600006,249.399994,235.77536,3699876,249.1
03/06/2019,247.399994,248.399994,243.600006,246.600006,233.128326,3565386,249.5400009
04/06/2019,249.399994,249.399994,244.199997,244.600006,231.237595,4049820,249.5400009
05/06/2019,249,250.399994,246.800003,248.800003,235.208145,4742195,249.4600006
06/06/2019,250,254,249.399994,250.600006,236.909821,4017953,249.8800018
10/06/2019,257,258,253.199997,258,243.905548,6555626,250.8800018
11/06/2019,259.799988,266.799988,259,264.799988,250.33403,8382651,252.4400009
12/06/2019,262,262.200012,258.399994,259.200012,245.040024,4844931,252.9000015
13/06/2019,258.200012,262.799988,255,262.399994,248.065186,5744564,253.6000015
14/06/2019,261.600006,262.399994,258.200012,260.399994,246.174423,3299767,254.4800003
17/06/2019,263.399994,264.799988,261.600006,263.799988,249.388657,5284843,255.9199997
18/06/2019,265.399994,271.200012,264.200012,271,256.195374,11479952,258.3599991
19/06/2019,278,278.600006,275.600006,277.799988,262.623901,9060410,261.6799973
20/06/2019,277.799988,279,276,278.200012,263.002045,5070032,264.6199982
21/06/2019,278,278.600006,274.399994,276.799988,261.678467,6527586,267.2399964
24/06/2019,275.200012,279,275.200012,276.399994,261.300385,3057332,269.0799958
25/06/2019,276.399994,277,271.600006,272.200012,257.329803,4373997,269.8199982
26/06/2019,271,275.600006,270.799988,273.200012,258.275238,2404531,271.2199982
27/06/2019,275,277,274,277,261.867584,3463492,272.6799988
28/06/2019,277,277,272.600006,275.799988,260.733124,3182699,274.2199982
02/07/2019,280,282,279,280,264.703705,5599283,275.8399994
03/07/2019,280,280,278,279.600006,264.325531,2247413,276.7
04/07/2019,278.399994,281.200012,278,278,262.812958,2148082,276.7200012
05/07/2019,278,279,275.600006,278.399994,263.191132,1782118,276.7399994
08/07/2019,276,276,272.200012,274.200012,259.220581,2939232,276.4800018
09/07/2019,272.399994,274,270.200012,270.600006,255.8172,3525973,275.900003
10/07/2019,272.200012,274.200012,270.799988,270.799988,256.006287,2564475,275.7600006
11/07/2019,273.200012,274.600006,272.200012,273.399994,258.464264,2098834,275.7799988
12/07/2019,274.799988,276,272.799988,275.399994,260.35498,2715160,275.6199982
15/07/2019,272,273.399994,269.399994,272.200012,257.329803,6003246,275.2600006
16/07/2019,272.200012,274.799988,272.200012,273.600006,258.65332,2521320,274.6200012
17/07/2019,272,273.799988,270.799988,273.600006,258.65332,1778548,274.0200012
18/07/2019,271.600006,273.399994,271.600006,273,258.08609,1401058,273.5200012
19/07/2019,274,274.799988,271,273.399994,258.464264,4145022,273.0200012
22/07/2019,272,272.399994,265.399994,266.600006,252.035751,6150997,272.2600006
23/07/2019,266.200012,268,266,267.399994,252.792023,2320258,271.9399994
24/07/2019,267.399994,270.399994,265.399994,266.799988,252.224823,4683963,271.5399994
25/07/2019,265.799988,270,265,268.799988,254.11557,3011046,271.0799988
26/07/2019,268,270.200012,267.399994,268.600006,253.926468,2074046,270.4
29/07/2019,267,268,263.200012,265,250.523132,3426922,269.6799988
30/07/2019,267,267.799988,265.399994,266.399994,251.846649,2813202,268.9599976
31/07/2019,264,266.399994,262.200012,265.600006,251.090393,2547077,268.1599976
01/08/2019,261.799988,266.799988,261.799988,264.600006,250.145035,3779697,267.3199982
02/08/2019,259.600006,261,254.199997,256.200012,242.203903,8133449,265.6
05/08/2019,250.399994,252,247.199997,247.800003,234.262756,8476649,263.7199997
06/08/2019,238,245.600006,238,244.800003,231.426682,11988318,261.4600006
07/08/2019,243.199997,246.800003,241.800003,246.600006,233.128326,4839857,259.4400024
08/08/2019,244.800003,248.800003,244.800003,246.800003,233.317413,4542579,257.2400039
09/08/2019,249.199997,249.399994,241.800003,242.199997,228.968704,4886283,254.600003
12/08/2019,240.800003,241.800003,239.399994,239.800003,226.699814,4997493,252.0800033
13/08/2019,236.199997,237.199997,233.399994,234,221.21666,7937918,248.8400039
14/08/2019,240,240.800003,231.199997,235.199997,222.351089,6228560,245.800003
15/08/2019,231.199997,239.399994,230,238,224.998154,9130954,243.1400024
16/08/2019,237.199997,245.199997,236,245,231.615723,8368065,242.0200012
19/08/2019,245.399994,253.600006,245.399994,252.800003,238.989639,8629233,242.5200012
20/08/2019,251,253.399994,250.199997,252.399994,238.611465,4690382,243.2800003
21/08/2019,251,254.399994,249.800003,254.399994,240.502213,3249303,244.0599991
22/08/2019,255.199997,255.600006,250.600006,251.600006,237.855179,3724510,244.5399994
23/08/2019,249.399994,253,249.199997,252.399994,238.611465,2818063,245.5599991
26/08/2019,242.600006,247.399994,241.199997,247,233.50647,5555816,246.2799988
27/08/2019,244.199997,245.600006,240.199997,241.399994,231.701996,3915166,247.0199982
28/08/2019,243,243,240.199997,241.600006,231.893967,2653818,247.6599991
29/08/2019,243.399994,243.399994,239.800003,242.399994,232.661819,2770727,248.0999985
30/08/2019,245,245,238,240,230.358246,4213790,247.5999985
02/09/2019,239.800003,240,236.800003,237.600006,228.054672,3248019,246.0799988
03/09/2019,237,239.600006,235.399994,236.800003,227.286804,3190522,244.5199997
04/09/2019,235.600006,250,235.600006,248,238.03685,11937487,243.8800003
05/09/2019,247.600006,254,243.199997,247.199997,237.268982,7276313,243.4399994
06/09/2019,251.800003,254.800003,248.600006,249.399994,239.3806,5851775,243.1399994
09/09/2019,249.800003,252,248.399994,249.399994,239.3806,2880620,243.3799988
10/09/2019,250,250.800003,244.399994,245.199997,235.349335,3378697,243.7599991
11/09/2019,243.600006,246,239.199997,246,236.117203,7821852,244.1999985
12/09/2019,238,240,236.600006,237.399994,227.862686,19915954,243.6999985
13/09/2019,238,241.399994,236.800003,240.800003,231.126099,9292271,243.7799988
16/09/2019,238,239,234.399994,235,225.559097,10297582,243.5199982
17/09/2019,235.199997,235.800003,231.399994,232.600006,223.255539,6845012,243.0999985
18/09/2019,232.800003,234.800003,232.600006,233.199997,223.831421,3449299,241.6199982
19/09/2019,234.600006,234.600006,229.600006,230.199997,220.951935,5889296,239.9199982
20/09/2019,230,232.600006,229.600006,230.199997,220.951935,3466929,237.9999985
23/09/2019,228.399994,230,224.199997,225.800003,216.728714,9032814,235.6399994
24/09/2019,225.800003,226.800003,223.199997,225.800003,216.728714,6710108,233.7
25/09/2019,224,225,222,222.600006,213.657288,4760528,231.3600006
26/09/2019,224.399994,225.800003,223.800003,225.199997,216.152817,6096681,230.1400009
27/09/2019,225.199997,227.199997,223,226.800003,217.688553,3816536,228.7400009
30/09/2019,227,232.600006,225.800003,230,220.759995,9225860,228.2400009
02/10/2019,227,228.800003,225.399994,228.399994,219.224258,5354953,227.8199997
03/10/2019,225.600006,230,225,229.399994,220.184097,3391158,227.4399994
04/10/2019,229,229.199997,224,226,216.92067,3964996,227.0199997
08/10/2019,232.199997,234.199997,228,231.199997,221.911774,9642402,227.1199997
09/10/2019,228.399994,230.800003,227.399994,229.600006,220.376068,5532961,227.5
10/10/2019,230.199997,233.800003,228.600006,232,222.679642,4659778,228.1199997
11/10/2019,234,238.600006,233.800003,237.199997,227.670715,8524168,229.5799988
14/10/2019,237.399994,238.399994,235.800003,237.199997,227.670715,5249208,230.7799988
15/10/2019,239,239,235.399994,236.399994,226.902878,3134601,231.7399979
16/10/2019,236,237.199997,234.199997,236.199997,226.710892,3779805,232.3599976
17/10/2019,235.600006,237.199997,234.399994,237,227.478775,3279760,233.2199982
18/10/2019,238,240.600006,237.199997,238.199997,228.630554,8140371,234.0999985
21/10/2019,239.199997,243.199997,239,242.600006,232.853806,7348182,235.7599991
22/10/2019,243,243,241.800003,242.199997,232.469864,3100384,236.8599991
23/10/2019,243,243,238,241.199997,231.51004,3302937,238.0199982
24/10/2019,242,242.199997,239.199997,240.800003,231.126099,2065159,238.8999985
25/10/2019,240,242.399994,238.399994,241.199997,231.51004,3179476,239.2999985
28/10/2019,241,243.600006,241,243.199997,233.429672,3413294,239.8999985
29/10/2019,244.199997,245,241,242.399994,232.661819,4444556,240.4999985
30/10/2019,242.399994,243.600006,240,241,231.318054,2005068,240.9799988
31/10/2019,242.600006,248.600006,242.600006,245,235.157364,5123308,241.7799988
01/11/2019,244,248,244,247.399994,237.460953,4008625,242.6999985
04/11/2019,248.399994,250,248,250,239.956497,3910008,243.4399979
05/11/2019,250,251,248.199997,250.199997,240.148468,3748487,244.2399979
06/11/2019,250.399994,251.600006,247.399994,251.199997,241.108307,3679425,245.2399979
07/11/2019,251.199997,253,249.399994,253,242.835968,3674967,246.4599976
08/11/2019,254,254.399994,252.399994,254,243.795807,3823799,247.7399979
11/11/2019,249.800003,253.199997,244.600006,246.199997,236.309174,7858338,248.0399979
12/11/2019,248.600006,249,244.399994,247.399994,237.460953,4255444,248.5399979
13/11/2019,240,244.199997,240,242.199997,232.469864,5677552,248.6599976
14/11/2019,240.600006,245.199997,240.399994,242,232.277908,4304165,248.3599976
15/11/2019,243.600006,245,239.600006,240.800003,231.126099,3209605,247.6999985
18/11/2019,241,246.600006,241,245,235.157364,3368170,247.1999985
19/11/2019,246,252,244.199997,251.800003,241.684204,7284067,247.3599991
20/11/2019,250,250,247.600006,249.199997,239.188629,4472866,247.1599991
21/11/2019,246.199997,247.399994,243.199997,246.199997,236.309174,3844250,246.4799988
22/11/2019,247,248,244.600006,245.800003,235.925232,2788059,245.6599991
25/11/2019,249.199997,252.800003,247,249.600006,239.572586,5859970,246
26/11/2019,254,254.199997,247.399994,248.600006,238.612778,3843619,246.1200012
27/11/2019,249,249.600006,247,248.199997,238.22879,2664183,246.7200012
28/11/2019,245.399994,251,245.399994,250.399994,240.340408,3312654,247.5600006
29/11/2019,246.199997,250,246.199997,247.199997,237.268982,4082342,248.2
02/12/2019,248,249.199997,247.399994,247.600006,237.652908,3412698,248.4600006
03/12/2019,247.199997,249.399994,245.199997,247.399994,237.460953,3128350,248.0199997
04/12/2019,246,246.600006,244.600006,245,235.157364,2908526,247.6
05/12/2019,246.199997,247,243.399994,244,234.197556,1961298,247.3800003
06/12/2019,246,247.800003,245,247.600006,237.652908,2809842,247.5600006
09/12/2019,246.399994,248.199997,245.399994,246.800003,236.885071,1801287,247.2800003
10/12/2019,247,247.199997,244.399994,245.399994,235.54129,1776040,246.9599991
11/12/2019,244,245.800003,241,245.800003,235.925232,3154389,246.7199997
12/12/2019,248,251.800003,247,249.800003,239.764526,5052908,246.6600006
13/12/2019,253,255.399994,251.600006,255.399994,245.139557,7323135,247.4800003
16/12/2019,253.800003,254.600006,251.399994,251.800003,241.684204,2700134,247.9
17/12/2019,250.800003,257.799988,250.800003,256.600006,246.291351,5239678,248.8200012
18/12/2019,257.799988,259.799988,255,257.600006,247.25119,4246874,250.0800018
19/12/2019,257.799988,258,254,255,244.75563,2999820,251.1800018
20/12/2019,255,256.399994,253.399994,256.399994,246.09938,6306235,252.0600006
23/12/2019,257.399994,257.600006,254.199997,255.800003,245.523499,2917476,252.9600006
24/12/2019,255.399994,256,251.600006,253.399994,243.219925,1936533,253.7600006
27/12/2019,254.800003,257.600006,254.199997,256.799988,246.483307,2508285,254.8599991
30/12/2019,257,258.799988,255,256.200012,245.90744,3355919,255.5
31/12/2019,256,256.399994,252.199997,253,242.835968,1901889,255.2600006
02/01/2020,253.399994,262.799988,252.399994,260.399994,249.938675,7135253,256.1199997
03/01/2020,264,270.399994,264,266.600006,255.889633,10823936,257.1199997
06/01/2020,266.200012,270.600006,265,268.600006,257.809265,5701213,258.2199997
07/01/2020,271.799988,272,268.600006,269.799988,258.96106,3501948,259.6999985
08/01/2020,267.799988,268.799988,265.200012,268.200012,257.425323,4634563,260.8800003
09/01/2020,274.200012,274.799988,271,274.799988,263.760162,5823897,262.7799988
10/01/2020,274.799988,275,272.799988,275,263.952148,3352012,264.9399994
13/01/2020,276.600006,280.600006,275,280.200012,268.943237,6789892,267.2800018
14/01/2020,282.200012,282.399994,276.600006,277.600006,266.447723,4719690,269.4200012
15/01/2020,276.200012,279.799988,274.200012,279.799988,268.559296,3981073,272.1
16/01/2020,280,281.600006,276.399994,278,266.831635,3373083,273.8600006
17/01/2020,279.600006,280.799988,277,280,268.751282,2849141,275.2
20/01/2020,281,283.600006,279,280.200012,268.943237,5339574,276.3600006
21/01/2020,279.600006,280,270.399994,271.799988,260.880707,7716198,276.5600006
22/01/2020,271.799988,275,269.799988,275,263.952148,3526956,277.2399994
23/01/2020,273.200012,274.399994,266.399994,269.399994,258.577118,4943325,276.7
24/01/2020,270,272,268.399994,271.399994,260.496765,1650852,276.3399994
29/01/2020,262,266.399994,261.600006,263.799988,253.202057,5600820,274.699997
30/01/2020,265,266.200012,255.399994,258,247.635117,5688105,272.7399964
31/01/2020,263,263,258.600006,258.799988,248.402954,5022051,270.6399964
03/02/2020,256.399994,261.600006,256,260.399994,249.938675,4114799,268.8799958
04/02/2020,258.399994,264.799988,258.399994,264,253.394043,5738311,267.2799958
05/02/2020,266,266.799988,263.200012,266.600006,255.889633,6371086,265.9199952
06/02/2020,270,274.799988,269.399994,273,262.032501,7939798,266.0399964
07/02/2020,273,273,267.200012,270.600006,259.728912,3445259,265.599997
10/02/2020,267.799988,269.799988,267,268.399994,257.617279,2822520,265.499997
11/02/2020,270,271,267.600006,270.200012,259.344971,3420248,265.3799988
12/02/2020,272,272.399994,269.399994,270.399994,259.536926,2975436,266.0399994
13/02/2020,272,272,267.200012,268.799988,258.001251,3371279,267.1199982
14/02/2020,267.200012,271,267.200012,269.600006,258.769104,2100590,268.2
17/02/2020,270,273,269.600006,272.799988,261.840515,2727836,269.4399994
18/02/2020,272.600006,272.600006,269,270,259.153046,2088046,270.0399994
19/02/2020,271.799988,271.799988,269.399994,270.399994,259.536926,1789838,270.4199982
20/02/2020,271.799988,271.799988,267,271.399994,260.496765,3235987,270.2599976
21/02/2020,270.399994,271,266.200012,267.600006,256.849457,3685494,269.9599976
24/02/2020,265,265,259.600006,260.799988,250.322617,6114497,269.199997
25/02/2020,260,262.399994,258.200012,261.799988,251.282425,4172326,268.3599946
26/02/2020,258,261,257,259.799988,249.362778,3885392,267.299994
27/02/2020,259.799988,260.799988,256.200012,260.799988,250.322617,4145590,266.499994
28/02/2020,256.399994,257.200012,250,255.800003,245.523499,8706351,265.1199937
02/03/2020,256.200012,258,253.199997,254.800003,244.563675,5124136,263.3199952
03/03/2020,258,260,255.399994,257,246.675293,4638528,262.0199952
04/03/2020,256,257,253.600006,255.199997,244.947586,4806574,260.4999955
05/03/2020,257.200012,260,255,259.600006,249.170837,6438732,259.3199967
06/03/2020,257.799988,258.399994,255.199997,255.399994,245.139557,3210325,258.0999955
09/03/2020,251.399994,251.800003,248,248,238.03685,8555533,256.8199967
10/03/2020,248.800003,252,245.399994,250.600006,240.53241,7200182,255.6999985
11/03/2020,249,249.600006,246.399994,246.600006,239.55127,4461430,254.3800003
12/03/2020,243,244.600006,237,238.399994,231.585648,7937671,252.1400009
13/03/2020,230,239.800003,226,238.199997,231.391373,12435490,250.3800003
16/03/2020,231.800003,234.600006,228,228.600006,222.065765,8727347,247.7600006
17/03/2020,228,232.199997,223.800003,231.199997,224.591461,8224395,245.1800003
18/03/2020,232,234.600006,221.800003,221.800003,215.460144,9442867,241.8400009
19/03/2020,218.199997,220.199997,206,213,206.911682,17920363,237.1800003
20/03/2020,217.800003,221.800003,215.800003,218,211.768768,13621900,233.4400009
23/03/2020,209,215,208.800003,211.399994,205.357407,9343515,229.7800003
24/03/2020,218.199997,224,217.600006,223.800003,217.402985,9158338,227.1
25/03/2020,230.600006,233,227.800003,232,225.368591,9657066,225.6399994
26/03/2020,234,234,228.600006,231.800003,225.174301,6661467,224.9800003
27/03/2020,236,237.800003,231.800003,234.600006,227.894272,6793499,224.6200012
30/03/2020,228.800003,235,228.800003,232,225.368591,5956231,224.9600006
31/03/2020,237,237,231,233.800003,227.117157,4822887,225.2200012
01/04/2020,236.600006,236.600006,228.600006,231,224.397171,5251052,226.1400009
02/04/2020,231,235,229.199997,235,228.282822,3364568,228.3400009
03/04/2020,232.600006,236.600006,232.600006,236.399994,229.642822,4059519,230.1800003
06/04/2020,238,240.399994,234.800003,240.399994,233.528488,4420068,233.0800003
07/04/2020,244,244.399994,241.199997,243.800003,236.831299,4519948,235.0800003
08/04/2020,241.399994,243.399994,240.399994,242.399994,235.471313,2749718,236.1199997
09/04/2020,244.800003,248.399994,243.399994,247.399994,240.3284,5242656,237.6799988
14/04/2020,247.199997,250,246.800003,249.399994,242.271225,3125430,239.1599976
15/04/2020,250,251.199997,245.199997,247,239.939835,4256171,240.6599976
16/04/2020,245.800003,247,243.199997,244.800003,237.802734,3539366,241.7599976
17/04/2020,250,250.800003,245.399994,247,239.939835,3211940,243.3599976
20/04/2020,247.199997,248,243.800003,244.199997,237.219879,2460706,244.2799973
21/04/2020,247,247,239.600006,242.399994,235.471313,3520232,244.8799973
22/04/2020,240,243,239,242.600006,235.665619,2765730,245.0999985
23/04/2020,246,246.199997,242.199997,244.399994,237.414154,3198414,245.1599976
24/04/2020,242,245,241.800003,245,237.996994,2235381,245.4199982
27/04/2020,245.600006,247.199997,245,247,239.939835,2532890,245.3799988
28/04/2020,248,252.800003,246.600006,252.600006,245.379776,5517186,245.7
29/04/2020,253,254.600006,252,252,244.796906,3347887,246.2
04/05/2020,247,247,244,246.399994,239.356995,4951916,246.3599991
05/05/2020,249.600006,253.600006,247.199997,253.600006,246.351181,4326301,247.0199997
06/05/2020,252,255,252,253.399994,246.156906,4521808,247.9399994
07/05/2020,253.800003,253.800003,243,246.399994,239.356995,9624132,248.3399994
08/05/2020,248.399994,248.399994,242.199997,242.800003,235.859894,8393554,248.3599991
11/05/2020,246,251.600006,245.800003,250,242.85408,6513615,248.9199997
12/05/2020,251,252.399994,248.399994,251.600006,244.408356,5180274,249.5800003
13/05/2020,250.399994,255.399994,249.399994,254.600006,247.322601,4837463,250.3400009
14/05/2020,252.600006,252.800003,249.199997,249.600006,242.46553,3363018,250.0400009
15/05/2020,249.800003,253,248.399994,252.399994,245.185471,2579800,250.0800003
18/05/2020,251.399994,256,251.399994,254.800003,247.516891,3630823,250.9200012
19/05/2020,261,266.399994,260.799988,265.200012,257.619629,11463814,252.0800018
20/05/2020,264.799988,268.799988,262.799988,265.799988,258.202484,6248734,253.3200012
21/05/2020,270,274.600006,269.799988,271,263.253845,12803812,255.7800018
22/05/2020,267.200012,267.399994,257.600006,259,251.596832,13517566,257.4000015
25/05/2020,258,275,255,275,267.139496,14691447,259.9000015
26/05/2020,278,280.799988,272.399994,272.399994,264.61377,9395396,261.9800003
27/05/2020,275.600006,277.200012,269.399994,272.799988,265.00235,6831271,263.7999985
28/05/2020,271.799988,272.399994,264,269.600006,261.89386,10499383,265.7999985
29/05/2020,265.200012,274.399994,265.200012,270.200012,262.476685,6496883,267.5800003
01/06/2020,279,283.600006,276.200012,282.799988,274.716522,15034166,270.3799988
02/06/2020,285,288.600006,283.200012,288,279.767914,12036797,272.6599976
03/06/2020,291,294.399994,289.200012,292.399994,284.042114,11716826,275.3199982
04/06/2020,295.200012,295.399994,289.200012,292,283.653595,6971498,277.4199982
05/06/2020,291.600006,294.799988,290.200012,294.200012,285.79071,7169644,280.9399994
08/06/2020,295,298.799988,292,292.799988,284.430695,8429072,282.7199982
09/06/2020,293,296,290.399994,290.799988,282.487885,8360605,284.5599976
10/06/2020,294,297,293,296.399994,287.927795,6524580,286.9199982
11/06/2020,297.600006,299.600006,294.399994,294.399994,285.984924,9078417,289.399997
12/06/2020,289,296.200012,288.399994,296.200012,287.733551,6301599,291.999997
15/06/2020,293.600006,296.399994,286.200012,287.399994,279.185059,8343223,292.4599976
16/06/2020,293.200012,295.799988,292.799988,295.799988,287.34494,5745974,293.2399964
17/06/2020,299,299,292.200012,293.600006,285.207825,5893851,293.3599976
18/06/2020,294.799988,296,290.200012,296,287.539246,7694884,293.7599976
19/06/2020,296,300.799988,295.799988,300.399994,291.813477,12513822,294.3799958
22/06/2020,300.399994,312,299.799988,311.600006,302.693329,12955661,296.2599976
23/06/2020,315,320,306,320,310.85321,12959881,299.1799988
24/06/2020,320,321.799988,317,317.799988,308.716095,6410223,301.3199982
26/06/2020,319.600006,321.799988,316,319.399994,310.270355,5938642,303.8199982
29/06/2020,318,321,316.799988,320,310.85321,5694721,306.199997
